{"cameraMode":{"drawMode":0,"name":"Shaded","section":"Shading Mode"},"sceneLighting":true,"audioPlay":false,"sceneViewState":{"showFog":true,"showMaterialUpdate":false,"showSkybox":true,"showFlares":true,"showImageEffects":true,"showParticleSystems":true},"in2DMode":false,"pivot":{"x":-101.06707763671875,"y":128.61448669433595,"z":-1000.8265380859375},"rotation":{"x":-0.2472345381975174,"y":0.41620877385139468,"z":-0.11869612336158753,"w":-0.8669236302375794},"size":293.938232421875,"orthographic":false}